{"contexts/survey_sessions/superpowers_vs_oh_my_openagent_20260409.md": {"mtime": 1775732682.4589336, "indices": [0, 1, 2, 3, 4, 5, 6, 7, 8, 9, 10, 11, 12, 13]}, "contexts/survey_sessions/iterm2_terminal_ai_survey_20260405.md": {"mtime": 1775372864.7473853, "indices": [14, 15, 16, 17, 18, 19, 20, 21, 22, 23, 24, 25, 26, 27, 28, 29, 30, 31, 32, 33, 34, 35, 36, 37, 38, 39, 40, 41, 42, 43, 44, 45, 46, 47, 48, 49, 50, 51, 52, 53, 54, 55, 56, 57, 58, 59, 60, 61, 62, 63, 64, 65, 66]}, "contexts/survey_sessions/unix_file_read_cmd.md": {"mtime": 1775638445.932025, "indices": [67, 68, 69, 70, 71, 72, 73, 74, 75, 76, 77, 78, 79, 80, 81, 82, 83, 84, 85, 86, 87, 88, 89, 90, 91, 92, 93, 94]}, "contexts/survey_sessions/spine_protection_survey_20260406.md": {"mtime": 1775441827.0572183, "indices": [95, 96, 97, 98, 99, 100, 101, 102, 103, 104, 105, 106, 107, 108, 109, 110, 111, 112, 113, 114, 115, 116, 117, 118, 119, 120, 121, 122, 123, 124, 125, 126, 127, 128, 129, 130, 131, 132, 133, 134]}, "contexts/survey_sessions/oh_my_openagent_survey_20260405.md": {"mtime": 1775371535.5531983, "indices": [135, 136, 137, 138, 139, 140, 141, 142, 143, 144, 145, 146, 147, 148, 149, 150, 151, 152, 153, 154, 155, 156, 157, 158, 159, 160, 161]}, "/Users/shenhuayu/.config/opencode/contexts/survey_sessions/superpowers_vs_oh_my_openagent_20260409.md": {"mtime": 1775732682.4589336, "indices": [162, 163, 164, 165, 166, 167, 168, 169, 170, 171, 172, 173, 174, 175]}, "/Users/shenhuayu/.config/opencode/contexts/survey_sessions/iterm2_terminal_ai_survey_20260405.md": {"mtime": 1775372864.7473853, "indices": [176, 177, 178, 179, 180, 181, 182, 183, 184, 185, 186, 187, 188, 189, 190, 191, 192, 193, 194, 195, 196, 197, 198, 199, 200, 201, 202, 203, 204, 205, 206, 207, 208, 209, 210, 211, 212, 213, 214, 215, 216, 217, 218, 219, 220, 221, 222, 223, 224, 225, 226, 227, 228]}, "/Users/shenhuayu/.config/opencode/contexts/survey_sessions/unix_file_read_cmd.md": {"mtime": 1775638445.932025, "indices": [229, 230, 231, 232, 233, 234, 235, 236, 237, 238, 239, 240, 241, 242, 243, 244, 245, 246, 247, 248, 249, 250, 251, 252, 253, 254, 255, 256]}, "/Users/shenhuayu/.config/opencode/contexts/survey_sessions/spine_protection_survey_20260406.md": {"mtime": 1775441827.0572183, "indices": [257, 258, 259, 260, 261, 262, 263, 264, 265, 266, 267, 268, 269, 270, 271, 272, 273, 274, 275, 276, 277, 278, 279, 280, 281, 282, 283, 284, 285, 286, 287, 288, 289, 290, 291, 292, 293, 294, 295, 296]}, "/Users/shenhuayu/.config/opencode/contexts/survey_sessions/oh_my_openagent_survey_20260405.md": {"mtime": 1775371535.5531983, "indices": [297, 298, 299, 300, 301, 302, 303, 304, 305, 306, 307, 308, 309, 310, 311, 312, 313, 314, 315, 316, 317, 318, 319, 320, 321, 322, 323]}, "/Users/shenhuayu/.config/opencode/contexts/survey_sessions/chinese_llm_survey_20260405.md": {"mtime": 1775363515.0903068, "indices": [324, 325, 326, 327, 328, 329, 330, 331, 332, 333, 334, 335, 336, 337, 338, 339, 340, 341, 342, 343, 344, 345, 346, 347, 348, 349, 350, 351, 352, 353, 354, 355, 356, 357, 358, 359, 360]}, "/Users/shenhuayu/.config/opencode/contexts/survey_sessions/datamatrix_kb_selection_20260405.md": {"mtime": 1775381488.235484, "indices": [361, 362, 363, 364, 365, 366, 367, 368, 369, 370, 371, 372, 373, 374, 375, 376, 377, 378, 379, 380, 381, 382, 383, 384, 385, 386, 387, 388, 389, 390, 391, 392, 393, 394, 395, 396, 397, 398, 399, 400, 401]}, "/Users/shenhuayu/.config/opencode/contexts/survey_sessions/macos_terminal_ai_dev_survey_20260405.md": {"mtime": 1775372951.142661, "indices": [402, 403, 404, 405, 406, 407, 408, 409, 410, 411, 412, 413, 414, 415, 416, 417, 418, 419, 420, 421, 422, 423, 424, 425, 426, 427, 428, 429, 430, 431, 432, 433, 434, 435, 436, 437, 438, 439, 440, 441, 442, 443, 444, 445, 446, 447, 448, 449, 450, 451, 452, 453, 454, 455, 456, 457, 458, 459, 460, 461, 462, 463, 464, 465, 466, 467, 468, 469, 470, 471, 472, 473, 474, 475, 476, 477, 478, 479, 480, 481, 482, 483, 484, 485, 486, 487, 488, 489, 490, 491, 492, 493, 494, 495, 496]}, "/Users/shenhuayu/.config/opencode/contexts/memory/OBSERVATIONS.md": {"mtime": 1775606913.6101384, "indices": [497, 498, 499, 500, 501, 502, 503, 504, 505]}, "/Users/shenhuayu/.config/opencode/contexts/survey_sessions/semantic_search_setup_20260411.md": {"mtime": 1775898040.6634202, "indices": [506, 507, 508, 509, 510, 511, 512, 513, 514, 515, 516, 517, 518, 519, 520, 521, 522, 523, 524, 525, 526, 527]}, "/Users/shenhuayu/.config/opencode/contexts/draft/datamatrix_migrate.md": {"mtime": 1775638352.8063526, "indices": [528, 529]}, "/Users/shenhuayu/.config/opencode/contexts/projects/datamatrix-kb/00_overview/architecture.md": {"mtime": 1775382649.2146862, "indices": [530, 531, 532, 533, 534, 535, 536, 537, 538, 539, 540, 541, 542, 543]}, "/Users/shenhuayu/.config/opencode/contexts/projects/datamatrix-kb/00_overview/service_map.md": {"mtime": 1775383005.4902015, "indices": [544, 545, 546, 547, 548, 549, 550, 551, 552]}, "/Users/shenhuayu/.config/opencode/contexts/projects/datamatrix-kb/00_overview/tech_stack.md": {"mtime": 1775383041.3964243, "indices": [553, 554, 555, 556, 557, 558, 559, 560, 561, 562, 563, 564, 565, 566, 567, 568, 569]}, "/Users/shenhuayu/.config/opencode/contexts/projects/datamatrix-kb/01_services/worksheet/design.md": {"mtime": 1775384580.5504549, "indices": [570, 571, 572, 573, 574, 575, 576, 577, 578, 579, 580, 581, 582, 583, 584, 585, 586, 587, 588, 589, 590]}, "/Users/shenhuayu/.config/opencode/contexts/projects/datamatrix-kb/01_services/kugget/design.md": {"mtime": 1775384530.7249074, "indices": [591, 592, 593, 594, 595, 596, 597, 598, 599, 600, 601, 602, 603, 604, 605, 606, 607, 608, 609]}, "/Users/shenhuayu/.config/opencode/contexts/projects/datamatrix-kb/01_services/pontos/gotchas.md": {"mtime": 1775381902.2038066, "indices": [610]}, "/Users/shenhuayu/.config/opencode/contexts/projects/datamatrix-kb/01_services/pontos/design.md": {"mtime": 1775382735.3967233, "indices": [611, 612, 613, 614, 615, 616, 617, 618, 619, 620]}, "/Users/shenhuayu/.config/opencode/contexts/projects/datamatrix-kb/01_services/hermes/design.md": {"mtime": 1775382956.4622514, "indices": [621, 622, 623, 624, 625, 626, 627, 628, 629, 630, 631, 632, 633, 634, 635, 636, 637, 638, 639, 640]}, "/Users/shenhuayu/.config/opencode/contexts/projects/datamatrix-kb/01_services/athena/design.md": {"mtime": 1775382700.3793478, "indices": [641, 642, 643, 644, 645, 646, 647, 648, 649, 650, 651, 652, 653]}, "/Users/shenhuayu/.config/opencode/contexts/projects/datamatrix-kb/05_runbooks/es_index_ops.md": {"mtime": 1775381958.6216135, "indices": [654, 655, 656]}, "/Users/shenhuayu/.config/opencode/contexts/projects/datamatrix-kb/05_runbooks/spark_flink_debug.md": {"mtime": 1775381968.1124933, "indices": [657, 658, 659, 660, 661]}, "/Users/shenhuayu/.config/opencode/contexts/projects/datamatrix-kb/03_requirements/product_backlog.md": {"mtime": 1775381886.6905897, "indices": [662, 663, 664, 665, 666]}, "/Users/shenhuayu/.config/opencode/contexts/projects/datamatrix-kb/02_km_summaries/data_integration.md": {"mtime": 1775383156.739159, "indices": [667, 668, 669, 670, 671, 672, 673, 674, 675, 676, 677, 678, 679, 680]}, "/Users/shenhuayu/.config/opencode/contexts/projects/datamatrix-kb/02_km_summaries/data_computing.md": {"mtime": 1775383255.9250116, "indices": [681, 682, 683, 684, 685, 686, 687, 688, 689, 690, 691, 692, 693, 694]}, "/Users/shenhuayu/.config/opencode/contexts/projects/datamatrix-kb/02_km_summaries/task_scheduling.md": {"mtime": 1775393665.590233, "indices": [695, 696, 697, 698, 699, 700, 701, 702, 703, 704]}, "/Users/shenhuayu/.config/opencode/contexts/projects/datamatrix-kb/02_km_summaries/eagle_interaction.md": {"mtime": 1775393698.5728164, "indices": [705, 706, 707, 708, 709, 710, 711, 712, 713, 714, 715, 716]}, "/Users/shenhuayu/.config/opencode/contexts/projects/datamatrix-kb/02_km_summaries/data_quality.md": {"mtime": 1775393755.7212224,